{"stats":{"minecraft:picked_up":{"minecraft:scaffolding":8,"minecraft:beehive":1,"minecraft:item_frame":1,"minecraft:azure_bluet":2,"minecraft:lilac":2,"minecraft:blue_orchid":5,"minecraft:wheat_seeds":4,"minecraft:peony":2,"minecraft:orange_tulip":1,"minecraft:spruce_planks":1,"minecraft:rose_bush":2,"minecraft:cornflower":8,"minecraft:shulker_box":14,"minecraft:sunflower":4},"minecraft:used":{"minecraft:item_frame":1,"minecraft:flint_and_steel":10,"minecraft:tnt":329},"minecraft:dropped":{"minecraft:blue_orchid":5,"minecraft:azure_bluet":2,"minecraft:cornflower":8,"minecraft:shulker_box":8,"minecraft:orange_tulip":1,"minecraft:item_frame":1},"minecraft:custom":{"minecraft:time_since_rest":44002,"minecraft:play_time":44002,"minecraft:sprint_one_cm":21638,"minecraft:walk_one_cm":6632,"minecraft:sneak_time":78,"minecraft:walk_under_water_one_cm":1588,"minecraft:mob_kills":33,"minecraft:drop":25,"minecraft:jump":38,"minecraft:damage_dealt":40,"minecraft:leave_game":5,"minecraft:walk_on_water_one_cm":125,"minecraft:time_since_death":44002,"minecraft:total_world_time":44002,"minecraft:fly_one_cm":150474},"minecraft:killed":{"minecraft:silverfish":33}},"DataVersion":3465}